"scan_id","file","width_px","height_px","dpi","threshold","separability","n_objects","leaf_px","holes_px","discarded_px","frac_of_image","area_cm2","area_m2","area_cm2_dpi","flags"
"7a","7a.tif",2550,3508,300,149,0.9835,109,2107726,1401,510,0.2356,149.113,0.0149113,151.091,""
"7b","7b.tif",2550,3508,300,154,0.9878,89,2157332,916,407,0.2412,152.622,0.0152622,154.647,""
"7c","7c.tif",2550,3508,300,153,0.9869,50,1410163,521,108,0.1576,99.763,0.0099763,101.087,""
"8a","8a.tif",2550,3508,300,152,0.9861,103,1789260,759,211,0.2,126.582,0.0126582,128.262,""
"8b","8b.tif",2550,3508,300,158,0.9872,59,1263198,729,145,0.1412,89.366,0.0089366,90.552,""
"8c","8c.tif",2550,3508,300,155,0.9854,236,1964013,1046,409,0.2196,138.945,0.0138945,140.789,""
"9a","9a.tif",2550,3508,300,162,0.9837,101,2453121,1311,162,0.2742,173.548,0.0173548,175.851,"touches_edge"
"9b","9b.tif",2550,3508,300,161,0.9859,126,1843479,1318,220,0.2061,130.418,0.0130418,132.149,""
"9c","9c.tif",2550,3508,300,162,0.9875,75,1793549,783,146,0.2005,126.886,0.0126886,128.57,""
